First Name,KEY_NAME,KEY_NAME,UID,    MATCHES PLAYED,MINUTES PLAYED,TOTAL PASSES,PASSES COMPLETED,% PASSES COMPLETED,PASSES_90,PASSES / MEAN,PASSES_ABOVE_AVERAGE,PASSES_SQUARED,PASSES_SQUARED_NEG,PASS_SQ_ADJ
Ignazio,ABATE,ABAT,ABATITA,1,90,39,30,77%,30,0.8,-5.4,28.9,-28.9,-28.9
Vincent,ABOUBAKAR,ABOU,ABOUCMR,2,142,39,29,74%,18.4,0.5,-17,288.9,-288.9,-288.9
Johnny,ACOSTA,ACOS,ACOSCRC,2,163,67,48,72%,26.5,0.7,-8.9,78.8,-78.8,-78.8
Albert,ADOMAH,ADOM,ADOMGHA,1,12,12,8,67%,60,1.7,24.6,606.2,-606.2,606.2
Harrison,AFFUL,AFFU,AFFUGHA,2,180,144,97,67%,48.5,1.4,13.1,172.2,-172.2,172.2
Acquah,AFRIYIE,AFRI,AFRIGHA,1,14,9,7,78%,45,1.3,9.6,92.6,-92.6,92.6
Sergio,AGUERO,AGUE,AGUEARG,5,313,90,47,52%,13.5,0.4,-21.9,478,-478,-478
Paul,AGUILAR,AGUI,AGUICOL,4,360,171,116,68%,29,0.8,-6.4,40.7,-40.7,-40.7
Abel,AGUILAR,AGUI,AGUIMEX,3,238,121,100,83%,37.8,1.1,2.4,5.9,-5.9,5.9
Igor,AKINFEEV,AKIN,AKINRUS,3,270,82,56,68%,18.7,0.5,-16.7,279.3,-279.3,-279.3
Jordi,ALBA,ALBA,ALBAESP,3,270,238,194,82%,64.7,1.8,29.3,857.8,-857.8,857.8
Raul,ALBIOL,ALBI,ALBIESP,1,90,45,34,76%,34,1,-1.4,1.9,-1.9,-1.9
Toby,ALDERWEIRELD,ALDE,ALDEBEL,4,390,262,184,70%,42.5,1.2,7.1,50.2,-50.2,50.2
Andre,ALMEIDA,ALME,ALMEPOR,2,71,43,36,84%,45.6,1.3,10.3,105.2,-105.2,105.2
Hugo,ALMEIDA,ALME,ALMEPOR,1,28,6,4,67%,12.9,0.4,-22.5,507.2,-507.2,-507.2
Xabi,ALONSO,ALON,ALONESP,3,191,168,145,86%,68.3,1.9,32.9,1085.4,-1085.4,1085.4
Jozy,ALTIDORE,ALTI,ALTIUSA,1,23,7,3,43%,11.7,0.3,-23.6,558.8,-558.8,-558.8
Ricardo,ALVAREZ,ALVA,ALVAARG,1,27,13,11,85%,36.7,1,1.3,1.7,-1.7,1.7
Dani,ALVES,ALVE,ALVEBRA,4,390,309,240,78%,55.4,1.6,20,400.2,-400.2,400.2
Bruno,ALVES,ALVE,ALVEPOR,3,270,145,122,84%,40.7,1.1,5.3,28,-28,28
Efe,AMBROSE,AMBR,AMBRNGA,4,360,230,177,77%,44.3,1.3,8.9,78.7,-78.7,78.7
Shola,AMEOBI,AMEO,AMEONGA,2,63,21,14,67%,20,0.6,-15.4,236.5,-236.5,-236.5
Ruben,AMORIM,AMOR,AMORPOR,1,90,53,39,74%,39,1.1,3.6,13.1,-13.1,13.1
Karim,ANSARI FARD,ANSA,ANSAIRN,1,22,5,5,100%,20.5,0.6,-14.9,222.7,-222.7,-222.7
Toshihiro,AOYAMA,AOYA,AOYAJPN,1,62,40,25,63%,36.3,1,0.9,0.8,-0.8,0.8
Javier,AQUINO,AQUI,AQUIITA,1,29,13,10,77%,31,0.9,-4.3,18.9,-18.9,-18.9
El,ARBI HILLEL SOUDANI,ARBI,ARBIALG,3,167,42,21,50%,11.3,0.3,-24.1,578.9,-578.9,-578.9
Charles,ARANGUIZ,ARAN,ARANCHI,4,364,166,133,80%,32.9,0.9,-2.5,6.2,-6.2,-6.2
Egidio,AREVALO,AREV,AREVURU,4,360,164,137,84%,34.3,1,-1.1,1.3,-1.3,-1.3
Santiago,ARIAS,ARIA,ARIACOL,3,124,68,56,82%,40.6,1.1,5.3,27.7,-27.7,27.7
Pablo,ARMERO,ARME,ARMECOL,5,416,202,147,73%,31.8,0.9,-3.6,12.8,-12.8,-12.8
Michael,ARROYO,ARRO,ARROECU,2,102,50,33,66%,29.1,0.8,-6.3,39.2,-39.2,-39.2
Kwadwo,ASAMOAH,ASAM,ASAMGHA,3,270,189,150,79%,50,1.4,14.6,213.8,-213.8,213.8
Benoit,ASSOU EKOTTO,ASSO,ASSOCMR,2,180,106,70,66%,35,1,-0.4,0.1,-0.1,-0.1
Christian,ATSU,ATSU,ATSUGHA,3,240,127,84,66%,31.5,0.9,-3.9,15,-15,-15
Serge,AURIER,AURI,AURICIV,3,270,162,118,73%,39.3,1.1,4,15.6,-15.6,15.6
Andre,AYEW,AYEW,AYEWGHA2,3,261,88,64,73%,22.1,0.6,-13.3,177.1,-177.1,-177.1
Jordan,AYEW,AYEW,AYEWGHA1,3,116,37,28,76%,21.7,0.6,-13.7,186.4,-186.4,-186.4
Walter,AYOVI,AYOV,AYOVECU,3,270,166,128,77%,42.7,1.2,7.3,53.1,-53.1,53.1
Ramon,AZEEZ,AZEE,AZEENGA,1,69,52,40,77%,52.2,1.5,16.8,282.1,-282.1,282.1
Cesar,AZPILICUETA,AZPI,AZPIESP,2,180,135,105,78%,52.5,1.5,17.1,293.1,-293.1,293.1
Michael,BABATUNDE,BABA,BABANGA,2,141,56,37,66%,23.6,0.7,-11.8,138.3,-138.3,-138.3
Carlos,BACCA,BACC,BACCCOL,1,20,7,6,86%,27,0.8,-8.4,70.2,-70.2,-70.2
Emmanuel,AGYEMANG-BADU,AGYE,AGYEGHA,2,102,44,38,86%,33.5,0.9,-1.8,3.4,-3.4,-3.4
Leighton,BAINES,BAIN,BAINENG,2,180,129,103,80%,51.5,1.5,16.1,259.9,-259.9,259.9
Eder,ALVAREZ BALANTA,ALVA,ALVACOL,1,90,32,21,66%,21,0.6,-14.4,206.7,-206.7,-206.7
Mario,BALOTELLI,BALO,BALOITA,3,209,52,34,65%,14.6,0.4,-20.7,430,-430,-430
Souleymane,BAMBA,BAMB,BAMBCIV,3,270,159,141,89%,47,1.3,11.6,135.1,-135.1,135.1
Ross,BARKLEY,BARK,BARKENG,3,145,77,59,77%,36.6,1,1.2,1.5,-1.5,1.5
Michael,BARRANTES,BARR,BARRCRC,2,13,16,12,75%,83.1,2.3,47.7,2275.1,-2275.1,2275.1
Boubacar,BARRY,BARR,BARRCIV,3,270,79,58,73%,19.3,0.5,-16,257.4,-257.4,-257.4
Andrea,BARZAGLI,BARZ,BARZITA,3,270,211,189,90%,63,1.8,27.6,763,-763,763
DaMarcus,BEASLEY,BEAS,BEASUSA,4,390,232,179,77%,41.3,1.2,5.9,35.2,-35.2,35.2
Jean,BEAUSEJOUR,BEAU,BEAUCHI,2,66,26,13,50%,17.7,0.5,-17.7,311.6,-311.6,-311.6
Brayan,BECKELES,BECK,BECKUSA,3,270,139,104,75%,34.7,1,-0.7,0.5,-0.5,-0.5
Kyle,BECKERMAN,BECK,BECKHON,3,270,152,135,89%,45,1.3,9.6,92.6,-92.6,92.6
Henri,BEDIMO,BEDI,BEDICMR,1,90,43,36,84%,36,1,0.6,0.4,-0.4,0.4
Alejandro,BEDOYA,BEDO,BEDOUSA,4,285,120,91,76%,28.7,0.8,-6.6,44.1,-44.1,-44.1
Asmir,BEGOVIC,BEGO,BEGOBIH,3,270,69,53,77%,17.7,0.5,-17.7,313.7,-313.7,-313.7
Valon,BEHRAMI,BEHR,BEHRSUI,4,346,173,141,82%,36.7,1,1.3,1.7,-1.7,1.7
Esseid,BELKALEM,BELK,BELKALG,3,211,86,54,63%,23,0.7,-12.3,152.4,-152.4,-152.4
Diego,BENAGLIO,BENA,BENASUI,4,390,119,69,58%,15.9,0.5,-19.5,378.5,-378.5,-378.5
Jerry,BENGTSON,BENG,BENGHON,3,226,53,40,75%,15.9,0.5,-19.4,378.3,-378.3,-378.3
Nabil,BENTALEB,BENT,BENTALG,3,270,138,112,81%,37.3,1.1,2,3.8,-3.8,3.8
Karim,BENZEMA,BENZ,BENZFRA,5,450,147,113,77%,22.6,0.6,-12.8,163.3,-163.3,-163.3
Vasily,BEREZUTSKIY,BERE,BERERUS,3,270,198,163,82%,54.3,1.5,19,359.3,-359.3,359.3
BERNARD,BERNARD,BERN,BERNBRA,3,156,75,55,73%,31.7,0.9,-3.6,13.3,-13.3,-13.3
Victor,BERNARDEZ,BERN,BERNHON,3,226,80,60,75%,23.9,0.7,-11.5,131.9,-131.9,-131.9
Muhamed,BESIC,BESI,BESIBIH,3,270,245,212,87%,70.7,2,35.3,1245.3,-1245.3,1245.3
Matt,BESLER,BESL,BESLUSA,4,346,186,156,84%,40.6,1.1,5.2,27,-27,27
BETO,BETO,BETO,BETOPOR,2,179,65,51,78%,25.6,0.7,-9.7,94.8,-94.8,-94.8
Ermin,BICAKCIC,BICA,BICABIH,1,90,45,30,67%,30,0.8,-5.4,28.9,-28.9,-28.9
Lucas,BIGLIA,BIGL,BIGLARG,7,349,186,153,82%,39.5,1.1,4.1,16.6,-16.6,16.6
Daley,BLIND,BLIN,BLINNED,7,670,428,351,82%,47.1,1.3,11.8,138.6,-138.6,138.6
Jerome,BOATENG,BOAT,BOATGER,7,646,461,379,82%,52.8,1.5,17.4,303.6,-303.6,303.6
Arthur,BOKA,BOKA,BOATGHA,3,255,131,103,79%,36.4,1,1,0.9,-0.9,0.9
KIM,Bokyung,Boky,BO-KKOR,2,30,31,27,87%,81,2.3,45.6,2081.3,-2081.3,2081.3
Christian,BOLANOS,BOLA,BOLACRC,5,413,148,90,61%,19.6,0.6,-15.8,248.6,-248.6,-248.6
Mathis,BOLLY,BOLL,BOLLCIV,1,17,5,5,100%,26.5,0.7,-8.9,79.3,-79.3,-79.3
Leonardo,BONUCCI,BONU,BONUITA,1,90,59,47,80%,47,1.3,11.6,135.1,-135.1,135.1
Wilfried,BONY,BONY,BONYCIV,3,167,40,28,70%,15.1,0.4,-20.3,411.6,-411.6,-411.6
Celso,BORGES,BORG,BORGCRC,5,498,200,161,81%,29.1,0.8,-6.3,39.5,-39.5,-39.5
Madjid,BOUGUERRA,BOUG,BOUGALG,3,202,98,77,79%,34.3,1,-1.1,1.1,-1.1,-1.1
John,BOYE,BOYE,BOYEGHA,3,270,99,81,82%,27,0.8,-8.4,70.2,-70.2,-70.2
Oliver,BOZANIC,BOZA,BOZAAUS,2,111,53,36,68%,29.2,0.8,-6.2,38.3,-38.3,-38.3
Michael,BRADLEY,BRAD,BRADUSA,4,390,295,246,83%,56.8,1.6,21.4,457.6,-457.6,457.6
Yacine,BRAHIMI,BRAH,BRAHALG,3,190,110,80,73%,37.9,1.1,2.5,6.3,-6.3,6.3
Claudio,BRAVO,BRAV,BRAVCHI,4,390,171,116,68%,26.8,0.8,-8.6,74.1,-74.1,-74.1
Randall,BRENES,BREN,BRENCRC,3,105,38,26,68%,22.3,0.6,-13.1,171.4,-171.4,-171.4
Mark,BRESCIANO,BRES,BRESAUS,3,147,84,70,83%,42.9,1.2,7.5,55.9,-55.9,55.9
John,BROOKS,BROO,BROOUSA,1,44,19,11,58%,22.5,0.6,-12.9,165.9,-165.9,-165.9
Marcelo,BROZOVIC,BROZ,BROZCRO,1,29,21,13,62%,40.3,1.1,5,24.7,-24.7,24.7
Gianluigi,BUFFON,BUFF,BUFFITA,2,180,62,56,90%,28,0.8,-7.4,54.4,-54.4,-54.4
Sergio,BUSQUETS,BUSQ,BUSQESP,2,180,137,125,91%,62.5,1.8,27.1,735.6,-735.6,735.6
Yohan,CABAYE,CABA,CABAFRA,4,318,225,194,86%,54.9,1.6,19.5,381.3,-381.3,381.3
Martin,CACERES,CACE,CACEURU,4,360,229,176,77%,44,1.2,8.6,74.3,-74.3,74.3
Gary,CAHILL,CAHI,CAHIAUS,3,270,159,139,87%,46.3,1.3,11,120,-120,120
Tim,CAHILL,CAHI,CAHIENG,2,159,47,39,83%,22.1,0.6,-13.3,177,-177,-177
Felipe,CAICEDO,CAIC,CAICECU,3,153,50,29,58%,17.1,0.5,-18.3,335.6,-335.6,-335.6
Geoff,CAMERON,CAME,CAMEUSA,3,300,174,122,70%,36.6,1,1.2,1.5,-1.5,1.5
Hugo,CAMPAGNARO,CAMP,CAMPARG,1,46,36,34,94%,66.5,1.9,31.1,969.9,-969.9,969.9
Joel,CAMPBELL,CAMP,CAMPCRC,5,415,135,91,67%,19.7,0.6,-15.6,244.7,-244.7,-244.7
Antonio,CANDREVA,CAND,CANDITA,2,136,63,42,67%,27.8,0.8,-7.6,57.5,-57.5,-57.5
Carlos,CARBONERO,CARB,CARBCOL,1,44,28,16,57%,32.7,0.9,-2.7,7,-7,-7
Juan CARLOS ,PAREDES,PARE,PAREECU,2,134,103,82,80%,55.1,1.6,19.7,387.9,-387.9,387.9
Carlos,CARMONA,CARM,CARMCHI,1,2,3,2,67%,90,2.5,54.6,2983.5,-2983.5,2983.5
Iker,CASILLAS,CASI,CASIESP,2,180,42,35,83%,17.5,0.5,-17.9,319.6,-319.6,-319.6
Antonio,CASSANO,CASS,CASSITA,2,63,39,23,59%,32.9,0.9,-2.5,6.4,-6.4,-6.4
Edinson,CAVANI,CAVA,CAVAURU,4,360,110,83,75%,20.8,0.6,-14.6,214,-214,-214
Santi,CAZORLA,CAZO,CAZOESP,2,82,62,53,85%,58.2,1.6,22.8,519.5,-519.5,519.5
Alessio,CERCI,CERC,CERCITA,1,21,6,4,67%,17.1,0.5,-18.2,332.5,-332.5,-332.5
JULIO,CESAR,CESA,CESABRA,7,660,172,130,76%,17.7,0.5,-17.7,311.6,-311.6,-311.6
Nacer,CHADLI,CHAD,CHADBEL,4,100,55,44,80%,39.6,1.1,4.2,17.8,-17.8,17.8
Marvin,CHAVEZ,CHAV,CHAVHON,2,51,36,22,61%,38.8,1.1,3.4,11.9,-11.9,11.9
Osman,CHAVEZ,CHAV,CHAVHON,1,44,10,10,100%,20.5,0.6,-14.9,222.7,-222.7,-222.7
Aurelien,CHEDJOU,CHED,CHEDCMR,2,136,64,49,77%,32.4,0.9,-3,8.7,-8.7,-8.7
Giorgio,CHIELLINI,CHIE,CHIEITA,3,270,206,187,91%,62.3,1.8,27,726.6,-726.6,726.6
Jose,CHOLEVAS,CHOL,HOLEGRE,4,390,191,139,73%,32.1,0.9,-3.3,10.9,-10.9,-10.9
Eric,CHOUPO MOTING,CHOU,CHOUCMR,3,246,86,55,64%,20.1,0.6,-15.3,232.8,-232.8,-232.8
Lazaros,CHRISTODOULOPOULOS,CHRI,CHRIGRE,2,210,71,55,77%,23.6,0.7,-11.8,139.4,-139.4,-139.4
LEE,Chungyong,Chun,CHU-KOR,3,244,123,95,77%,35,1,-0.3,0.1,-0.1,-0.1
PARK,Chuyoung,Chuy,CHUNKOR,2,113,38,27,71%,21.5,0.6,-13.9,192.5,-192.5,-192.5
Jasper,CILLESSEN,CILL,CILLNED,7,690,239,167,70%,21.8,0.6,-13.6,184.8,-184.8,-184.8
Jorge,CLAROS,CLAR,CLARHON,3,212,147,129,88%,54.8,1.5,19.4,375.8,-375.8,375.8
Jordy,CLASIE,CLAS,CLASNED,2,148,86,74,86%,45,1.3,9.6,92.6,-92.6,92.6
Sebastian,COATES,COAT,COATURU,1,2,3,2,67%,90,2.5,54.6,2983.5,-2983.5,2983.5
Fabio,COENTRAO,COEN,COENPOR,1,65,36,30,83%,41.5,1.2,6.2,37.9,-37.9,37.9
Vedran,CORLUKA,CORL,CORLCRO,3,270,124,107,86%,35.7,1,0.3,0.1,-0.1,0.1
Ricardo,COSTA,COST,COSTESP,2,134,75,67,89%,45,1.3,9.6,92.6,-92.6,92.6
Diego,COSTA,COST,COSTHON,2,126,30,22,73%,15.7,0.4,-19.7,386.7,-386.7,-386.7
Carlo,COSTLY,COST,COSTPOR,3,220,59,33,56%,13.5,0.4,-21.9,478.7,-478.7,-478.7
Thibaut,COURTOIS,COUR,COURBEL,5,480,125,85,68%,15.9,0.5,-19.4,378,-378,-378
Juan,CUADRADO,CUAD,CUADCOL,5,387,158,109,69%,25.3,0.7,-10,100.6,-100.6,-100.6
Jose,CUBERO,CUBE,CUBECRC,4,115,39,26,67%,20.3,0.6,-15,225.9,-225.9,-225.9
DANTE,DANTE,DANT,DANTBRA,1,90,62,55,89%,55,1.6,19.6,385,-385,385
Matteo,DARMIAN,DARM,DARMITA,3,270,121,102,84%,34,1,-1.4,1.9,-1.9,-1.9
Fatawu,DAUDA,DAUD,DAUDGHA,2,180,62,34,55%,17,0.5,-18.4,337.8,-337.8,-337.8
Jason,DAVIDSON,DAVI,DAVIAUS,3,270,172,116,67%,38.7,1.1,3.3,10.8,-10.8,10.8
Brad,DAVIS,DAVI,DAVIUSA,1,59,24,19,79%,29,0.8,-6.4,40.9,-40.9,-40.9
Kevin,DE BRUYNE,DE B,DE BBEL,4,390,233,164,70%,37.8,1.1,2.5,6.1,-6.1,6.1
Jonathan,DE GUZMAN,DE G,DE GNED,3,230,95,74,78%,29,0.8,-6.4,41.2,-41.2,-41.2
Nigel,DE JONG,DE J,DE JNED,5,341,158,132,84%,34.8,1,-0.5,0.3,-0.3,-0.3
Daniele,DE ROSSI,DE R,DE RITA,2,180,215,202,94%,101,2.9,65.6,4306.2,-4306.2,4306.2
Mattia,DE SCIGLIO,DE S,DE SITA,1,90,48,31,65%,31,0.9,-4.4,19.2,-19.2,-19.2
Stefan,DE VRIJ,DE V,DE VNED,7,677,430,351,82%,46.7,1.3,11.3,127.3,-127.3,127.3
Mathieu,DEBUCHY,DEBU,DEBUFRA,4,360,223,167,75%,41.8,1.2,6.4,40.6,-40.6,40.6
Steven,DEFOUR,DEFO,DEFOBEL,1,45,29,23,79%,46,1.3,10.6,112.8,-112.8,112.8
Ashkan,DEJAGAH,DEJA,DEJAIRN,3,226,84,38,45%,15.1,0.4,-20.2,409.9,-409.9,-409.9
Moussa,DEMBELE,DEMB,DEMBBEL,2,155,96,81,84%,47,1.3,11.7,135.8,-135.8,135.8
Martin,DEMICHELIS,DEMI,DEMIARG,3,330,172,148,86%,40.4,1.1,5,24.9,-24.9,24.9
Clint,DEMPSEY,DEMP,DEMPUSA,4,387,133,99,74%,23,0.7,-12.4,152.7,-152.7,-152.7
Igor,DENISOV,DENI,DENIRUS,2,62,60,56,93%,81.3,2.3,45.9,2107.9,-2107.9,2107.9
Memphis,DEPAY,DEPA,DEPANED,4,173,77,55,71%,28.6,0.8,-6.8,45.8,-45.8,-45.8
Angel,DI MARIA,DI M,DI MARG,5,423,312,205,66%,43.6,1.2,8.2,67.9,-67.9,67.9
Marcelo,DIAZ,DIAZ,DIAZCHI,4,390,240,202,84%,46.6,1.3,11.2,126.3,-126.3,126.3
Junior,DIAZ,DIAZ,DIAZCRC,5,510,239,155,65%,27.4,0.8,-8,64.4,-64.4,-64.4
Lucas,DIGNE,DIGN,DIGNFRA,1,90,76,56,74%,56,1.6,20.6,425.2,-425.2,425.2
Ismael,DIOMANDE,DIOM,DIOMCIV,1,12,3,2,67%,15,0.4,-20.4,415.3,-415.3,-415.3
Abdelmoumene,DJABOU,DJAB,DJABALG,3,170,68,40,59%,21.2,0.6,-14.2,201.7,-201.7,-201.7
Constant,DJAKPA,DJAK,DJAKCIV,1,15,11,9,82%,54,1.5,18.6,346.8,-346.8,346.8
Cedric,DJEUGOUE,DJEU,DJEUCMR,1,46,15,9,60%,17.6,0.5,-17.8,315.8,-315.8,-315.8
Johan,DJOUROU,DJOU,DJOUSUI,4,390,174,154,89%,35.5,1,0.2,0,0,0
Alexander,DOMINGUEZ,DOMI,DOMIECU,3,270,94,56,60%,18.7,0.5,-16.7,279.3,-279.3,-279.3
JI,Dongwon,Dong,DONGKOR,2,29,18,12,67%,37.2,1.1,1.9,3.5,-3.5,3.5
Giovani,DOS SANTOS,DOS,DOSMEX,4,297,99,76,77%,23,0.7,-12.3,152.5,-152.5,-152.5
Julian,DRAXLER,DRAX,DRAXGER,1,14,9,9,100%,57.9,1.6,22.5,505.3,-505.3,505.3
Josip,DRMIC,DRMI,DRMISUI,4,251,42,29,69%,10.4,0.3,-25,624,-624,-624
Didier,DROGBA,DROG,DROGCIV,3,136,47,21,45%,13.9,0.4,-21.5,461.4,-461.4,-461.4
Oscar,DUARTE,DUAR,DUARCRC,4,336,179,146,82%,39.1,1.1,3.7,13.9,-13.9,13.9
Alan,DZAGOEV,DZAG,DZAGRUS,3,61,34,26,76%,38.4,1.1,3,8.9,-8.9,8.9
Edin,DZEKO,DZEK,DZEKBIH,3,264,77,52,68%,17.7,0.5,-17.7,311.6,-311.6,-311.6
Blerim,DZEMAILI,DZEM,DZEMSUI,3,54,50,43,86%,71.7,2,36.3,1316.8,-1316.8,1316.8
EDER,EDER,EDER,EDERPOR,3,205,68,56,82%,24.6,0.7,-10.8,116.5,-116.5,-116.5
EDUARDO,EDUARDO,EDUA,EDUACRO,1,21,9,8,89%,34.3,1,-1.1,1.2,-1.2,-1.2
EDUARDO,EDUARDO,EDUA,EDUAPOR,1,1,2,1,50%,90,2.5,54.6,2983.5,-2983.5,2983.5
Emmanuel,EMENIKE,EMEN,EMENNGA,4,360,122,68,56%,17,0.5,-18.4,337.8,-337.8,-337.8
Yasuhito,ENDO,ENDO,ENDOJPN,2,80,87,76,87%,85.5,2.4,50.1,2512.2,-2512.2,2512.2
Eyong,ENOH,ENOH,ENOHCMR,3,270,91,73,80%,24.3,0.7,-11,122,-122,-122
Vincent,ENYEAMA,ENYE,ENYENGA,4,360,113,74,65%,18.5,0.5,-16.9,284.9,-284.9,-284.9
Frickson,ERAZO,ERAZ,ERAZECU,3,270,105,68,65%,22.7,0.6,-12.7,161.6,-161.6,-161.6
Andrey,ESHCHENKO,ESHC,ESHCRUS,2,118,92,72,78%,54.9,1.6,19.5,381.7,-381.7,381.7
Roger,ESPINOZA,ESPI,ESPIHON,3,226,106,81,76%,32.3,0.9,-3.1,9.7,-9.7,-9.7
Michael,ESSIEN,ESSI,ESSIGHA,1,19,19,16,84%,75.8,2.1,40.4,1633.1,-1633.1,1633.1
Samuel,ETOO,ETOO,ETOOCMR,1,90,20,14,70%,14,0.4,-21.4,457,-457,-457
Patrice,EVRA,EVRA,EVRAFRA,4,360,206,149,72%,37.3,1.1,1.9,3.5,-3.5,3.5
Marco,FABIAN,FABI,FABIMEX,3,41,28,23,82%,50.5,1.4,15.1,228.3,-228.3,228.3
Cesc,FABREGAS,FABR,FABRESP,2,34,44,36,82%,95.3,2.7,59.9,3589.9,-3589.9,3589.9
Victor,FAYZULIN,FAYZ,FAYZRUS,3,270,172,139,81%,46.3,1.3,11,120,-120,120
Sofiane,FEGHOULI,FEGH,FEGHALG,4,390,134,83,62%,19.2,0.5,-16.2,263.2,-263.2,-263.2
Marouane,FELLAINI,FELL,FELLBEL,5,415,202,146,72%,31.7,0.9,-3.7,13.8,-13.8,-13.8
Leroy,FER,FER,FERNED,1,15,6,6,100%,36,1,0.6,0.4,-0.4,0.4
Gelson,FERNANDES,FERN,FERNSUI,1,54,22,17,77%,28.3,0.8,-7,49.6,-49.6,-49.6
Federico,FERNANDEZ,FERN,FERNBRA,4,390,235,205,87%,47.3,1.3,11.9,142.3,-142.3,142.3
FERNANDINHO,FERNANDINHO,FERN,FERNARG,5,296,155,131,85%,39.8,1.1,4.5,19.8,-19.8,19.8
Ioannis,FETFATZIDIS,FETF,FETFGRE,2,74,28,19,68%,23.1,0.7,-12.3,150.6,-150.6,-150.6
Maynor,FIGUEROA,FIGU,FIGUHON,3,270,178,130,73%,43.3,1.2,8,63.3,-63.3,63.3
Diego,FORLAN,FORL,FORLURU,2,113,47,32,68%,25.5,0.7,-9.9,97.8,-97.8,-97.8
Ben,FOSTER,FOST,FOSTENG,1,90,29,23,79%,23,0.7,-12.4,153.2,-153.2,-153.2
Ivan,FRANJIC,FRAN,FRANAUS,1,49,26,18,69%,33.1,0.9,-2.3,5.4,-5.4,-5.4
FRED,FRED,FRED,FREDBRA,6,471,109,68,62%,13,0.4,-22.4,501.1,-501.1,-501.1
Jorge,FUCILE,FUCI,FUCIURU,1,11,2,1,50%,8.2,0.2,-27.2,739.7,-739.7,-739.7
Ruben,GABRIEL,GABR,GABRNGA,1,31,17,17,100%,49.4,1.4,14,195.3,-195.3,195.3
Fernando,GAGO,GAGO,GAGOARG,6,373,359,316,88%,76.2,2.2,40.9,1670.2,-1670.2,1670.2
Cristian,GAMBOA,GAMB,GAMBCRC,5,426,190,120,63%,25.4,0.7,-10,100.5,-100.5,-100.5
Ezequiel,GARAY,GARA,GARAARG,7,720,388,338,87%,42.3,1.2,6.9,47.2,-47.2,47.2
Boniek,GARCIA,GARC,GARCHON,3,204,97,69,71%,30.4,0.9,-4.9,24.4,-24.4,-24.4
Walter,GARGANO,GARG,GARGURU,1,60,45,36,80%,54,1.5,18.6,346.8,-346.8,346.8
Luis,GARRIDO,GARR,GARRHON,2,161,72,55,76%,30.7,0.9,-4.6,21.5,-21.5,-21.5
Theofanis,GEKAS,GEKA,GEKAGRE,4,182,30,20,67%,9.9,0.3,-25.5,649.7,-649.7,-649.7
Steven,GERRARD,GERR,GERRENG,3,197,142,113,80%,51.6,1.5,16.2,263.9,-263.9,263.9
GERVINHO,GERVINHO,GERV,GERVCIV,3,263,95,68,72%,23.3,0.7,-12.1,146.6,-146.6,-146.6
Nabil,GHILAS,GHIL,GHILALG,3,36,15,10,67%,25,0.7,-10.4,107.7,-107.7,-107.7
Reza,GHOOCHANNEJAD,GHOO,GHOOIRN,3,270,67,39,58%,13,0.4,-22.4,500.8,-500.8,-500.8
Faouzi,GHOULAM,GHOU,GHOUALG,2,210,119,79,66%,33.9,1,-1.5,2.3,-2.3,-2.3
Jose,GIMENEZ,GIME,GIMEURU,3,270,90,59,66%,19.7,0.6,-15.7,246.9,-246.9,-246.9
Olivier,GIROUD,GIRO,GIROFRA,5,165,62,36,58%,19.6,0.6,-15.7,247.8,-247.8,-247.8
Denis,GLUSHAKOV,GLUS,GLUSRUS,3,208,88,65,74%,28.1,0.8,-7.3,52.6,-52.6,-52.6
Panagiotis,GLYKOS,GLYK,GLYKGRE,1,66,23,15,65%,20.5,0.6,-14.9,222.7,-222.7,-222.7
Diego,GODIN,GODI,GODIURU,4,360,128,100,78%,25,0.7,-10.4,107.7,-107.7,-107.7
Mario,GOETZE,GOET,GOETGER,6,258,153,111,73%,38.7,1.1,3.3,11.2,-11.2,11.2
Giancarlo,GONZALEZ,GONZ,GONZURU,5,510,182,137,75%,24.2,0.7,-11.2,125.5,-125.5,-125.5
Omar,GONZALEZ,GONZ,GONZUSA,3,211,118,91,77%,38.8,1.1,3.4,11.8,-11.8,11.8
Alvaro,GONZALEZ,GONZ,GONZCRC,4,266,119,87,73%,29.4,0.8,-5.9,35.3,-35.3,-35.3
Max,GRADEL,GRAD,GRADCIV,1,67,26,15,58%,20.1,0.6,-15.2,231.9,-231.9,-231.9
Julian,GREEN,GREE,GREEUSA,1,13,10,8,80%,55.4,1.6,20,400.2,-400.2,400.2
Antoine,GRIEZMANN,GRIE,GRIEFRA,5,295,135,97,72%,29.6,0.8,-5.8,33.5,-33.5,-33.5
Carlos,GRUEZO,GRUE,GRUEECU,2,97,28,21,75%,19.5,0.6,-15.9,252.6,-252.6,-252.6
Jorge,GUAGUA,GUAG,GUAGECU,3,270,89,58,65%,19.3,0.5,-16,257.4,-257.4,-257.4
Andres,GUARDADO,GUAR,GUARCOL,4,333,149,107,72%,28.9,0.8,-6.5,41.7,-41.7,-41.7
Fredy,GUARIN,GUAR,GUARMEX,3,189,85,59,69%,28.1,0.8,-7.3,53,-53,-53
LUIZ,GUSTAVO,GUST,GUSTBRA,6,526,325,269,83%,46,1.3,10.6,113.4,-113.4,113.4
Felipe,GUTIERREZ,GUTI,GUTICHI,4,165,85,65,76%,35.5,1,0.1,0,0,0
Teofilo,GUTIERREZ,GUTI,GUTICOL,4,304,101,58,57%,17.2,0.5,-18.2,331.5,-331.5,-331.5
Asamoah,GYAN,GYAN,GYANGHA,3,270,68,37,54%,12.3,0.3,-23,531.1,-531.1,-531.1
Anel,HADZIC,HADZ,HADZBIH,1,61,37,29,78%,42.8,1.2,7.4,54.9,-54.9,54.9
Alireza,HAGHIGHI,HAGH,HAGHIRN1,3,270,76,36,47%,12,0.3,-23.4,546.6,-546.6,-546.6
Reza,HAGHIGHI,HAGH,HAGHIRN2,1,2,3,2,67%,90,2.5,54.6,2983.5,-2983.5,2983.5
Ehsan,HAJI SAFI,HAJI,HAJSIRN,3,241,76,45,59%,16.8,0.5,-18.6,345,-345,-345
Izet,HAJROVIC,HAJR,HAJRBIH,2,128,57,41,72%,28.8,0.8,-6.6,42.9,-42.9,-42.9
Rafik,HALLICHE,HALL,HALLALG,4,367,159,119,75%,29.2,0.8,-6.2,38.4,-38.4,-38.4
Ben,HALLORAN,HALL,HALLAUS,3,87,34,17,50%,17.6,0.5,-17.8,316.6,-316.6,-316.6
Joe,HART,HART,HARTENG,2,180,47,40,85%,20,0.6,-15.4,236.5,-236.5,-236.5
Makoto,HASEBE,HASE,HASEJPN,3,190,146,118,81%,55.9,1.6,20.5,420.9,-420.9,420.9
Eden,HAZARD,HAZA,HAZABEL,5,368,176,132,75%,32.3,0.9,-3.1,9.6,-9.6,-9.6
Jordan,HENDERSON,HEND,HENDENG,2,160,115,100,87%,56.3,1.6,20.9,435.6,-435.6,435.6
HENRIQUE,HENRIQUE,HENR,HENRBRA,1,2,2,2,100%,90,2.5,54.6,2983.5,-2983.5,2983.5
Xavi,HERNANDEZ,HERN,HERNMEX,1,90,78,73,94%,73,2.1,37.6,1415.4,-1415.4,1415.4
Javier,HERNANDEZ,HERN,HERNBRA,4,75,28,16,57%,19.2,0.5,-16.2,261.7,-261.7,-261.7
Abel,HERNANDEZ,HERN,HERNURU,2,37,9,6,67%,14.6,0.4,-20.8,432,-432,-432
HERNANES,HERNANES,HERN,HERNESP,3,64,34,22,65%,30.9,0.9,-4.4,19.7,-19.7,-19.7
Hector,HERRERA,HERR,HERRMEX,4,346,225,163,72%,42.4,1.2,7,49.3,-49.3,49.3
SON,Heungmin,Heun,HEUNKOR,3,247,95,61,64%,22.2,0.6,-13.2,173,-173,-173
Khosro,HEYDARI,HEYD,HEYDIRN,3,147,56,34,61%,20.8,0.6,-14.6,212.1,-212.1,-212.1
Gonzalo,HIGUAIN,HIGU,HIGUARG,7,571,157,118,75%,18.6,0.5,-16.8,281.6,-281.6,-281.6
Benedikt,HOEWEDES,HOEW,HOEWGER,7,690,383,302,79%,39.4,1.1,4,16.1,-16.1,16.1
Keisuke,HONDA,HOND,HONDJPN,3,270,178,125,70%,41.7,1.2,6.3,39.5,-39.5,39.5
Jalal,HOSSEINI,HOSS,HOSSIRN,3,270,57,36,63%,12,0.3,-23.4,546.6,-546.6,-546.6
Tim,HOWARD,HOWA,HOWAUSA,4,390,172,138,80%,31.8,0.9,-3.5,12.5,-12.5,-12.5
HULK,HULK,HULK,HULKBRA,6,397,140,81,58%,18.4,0.5,-17,289.5,-289.5,-289.5
Mats,HUMMELS,HUMM,HUMMGER,6,509,345,281,81%,49.7,1.4,14.3,204.7,-204.7,204.7
Victor,IBARBO,IBAR,IBARCOL,3,189,56,37,66%,17.6,0.5,-17.8,315.4,-315.4,-315.4
Alex,IBARRA,IBAR,IBARECU,1,27,8,4,50%,13.3,0.4,-22,486,-486,-486
Vedad,IBISEVIC,IBIS,IBISBIH,3,144,38,29,76%,18.1,0.5,-17.3,297.7,-297.7,-297.7
Sergey,IGNASHEVICH,IGNA,IGNARUS,3,270,198,151,76%,50.3,1.4,15,223.6,-223.6,223.6
Ciro,IMMOBILE,IMMO,IMMOITA,2,88,23,14,61%,14.3,0.4,-21.1,443.5,-443.5,-443.5
Andres,INIESTA,INIE,INIEESP,3,270,239,195,82%,65,1.8,29.6,877.4,-877.4,877.4
Gokhan,INLER,INLE,INLESUI,4,390,258,207,80%,47.8,1.4,12.4,153.5,-153.5,153.5
Lorenzo,INSIGNE,INSI,INSIITA,1,33,21,13,62%,35.5,1,0.1,0,0,0
Mauricio,ISLA,ISLA,ISLACHI,4,390,264,203,77%,46.8,1.3,11.5,131.5,-131.5,131.5
Charles,ITANDJE,ITAN,ITANCMR,3,270,87,52,60%,17.3,0.5,-18,325.6,-325.6,-325.6
Emilio,IZAGUIRRE,IZAG,IZAGHON,2,136,63,44,70%,29.1,0.8,-6.3,39.2,-39.2,-39.2
KOO,Jacheol,Jach,JA-CKOR,3,270,127,96,76%,32,0.9,-3.4,11.4,-11.4,-11.4
Phil,JAGIELKA,JAGI,JAGIENG,2,180,103,92,89%,46,1.3,10.6,112.8,-112.8,112.8
Alireza,JAHAN BAKHSH,JAHA,JAHAIRN,3,49,25,14,56%,25.7,0.7,-9.7,93.4,-93.4,-93.4
Klaas,Jan HUNTELAAR,Jan,HUNTNED,3,52,23,19,83%,32.9,0.9,-2.5,6.2,-6.2,-6.2
Daryl,JANMAAT,JANM,JANMNED,5,364,207,156,75%,38.6,1.1,3.2,10.2,-10.2,10.2
Adnan,JANUZAJ,JANU,JANUBEL,1,60,26,14,54%,21,0.6,-14.4,206.7,-206.7,-206.7
Gonzalo,JARA,JARA,JARACHI,4,390,264,217,82%,50.1,1.4,14.7,216,-216,216
Mile,JEDINAK,JEDI,JEDIAUS,3,270,159,125,79%,41.7,1.2,6.3,39.5,-39.5,39.5
Nikica,JELAVIC,JELA,JELACRO,2,94,26,12,46%,11.5,0.3,-23.9,570.7,-570.7,-570.7
HONG,Jeongho,Jeon,JEONKOR,3,253,149,120,81%,42.7,1.2,7.3,53.4,-53.4,53.4
JO,JO,JO,JOBRA,3,168,59,38,64%,20.4,0.6,-15,225.6,-225.6,-225.6
Aron,JOHANNSSON,JOHA,JOHAUSA,1,67,15,12,80%,16.1,0.5,-19.3,370.9,-370.9,-370.9
Glen,JOHNSON,JOHN,JOHNENG,2,180,155,121,78%,60.5,1.7,25.1,631.1,-631.1,631.1
Fabian,JOHNSON,JOHN,JOHNUSA,4,302,135,97,72%,28.9,0.8,-6.5,41.9,-41.9,-41.9
Jermaine,JONES,JONE,JONEUSA,4,390,173,112,65%,25.8,0.7,-9.5,90.9,-90.9,-90.9
Phil,JONES,JONE,JONEENG,1,90,58,38,66%,38,1.1,2.6,6.9,-6.9,6.9
JUANFRAN,JUANFRAN,JUAN,JUANESP,1,90,75,52,69%,52,1.5,16.6,276.3,-276.3,276.3
Shinji,KAGAWA,KAGA,KAGAJPN,3,204,134,99,74%,43.7,1.2,8.3,68.9,-68.9,68.9
Yoichiro,KAKITANI,KAKI,KAKIJPN,2,25,10,5,50%,18,0.5,-17.4,302,-302,-302
Salomon,KALOU,KALO,KALOCIV,3,203,81,49,60%,21.7,0.6,-13.7,186.4,-186.4,-186.4
Maksim,KANUNNIKOV,KANU,KANURUS,2,99,37,24,65%,21.8,0.6,-13.6,183.9,-183.9,-183.9
Georgios,KARAGOUNIS,KARA,KARAGRE,4,259,146,121,83%,42,1.2,6.7,44.5,-44.5,44.5
Orestis,KARNEZIS,KARN,KARNGRE,4,324,74,53,72%,14.7,0.4,-20.7,426.7,-426.7,-426.7
Konstantinos,KATSOURANIS,KATS,KATSGRE,3,170,131,103,79%,54.5,1.5,19.2,366.8,-366.8,366.8
Eiji,KAWASHIMA,KAWA,KAWAJPN,3,270,82,65,79%,21.7,0.6,-13.7,188,-188,-188
Aleksandr,KERZHAKOV,KERZ,KERZRUS,3,101,17,6,35%,5.3,0.2,-30,901.9,-901.9,-901.9
LEE,Keunho,Keun,KEUNKOR,3,104,48,30,63%,26,0.7,-9.4,88.7,-88.7,-88.7
Sami,KHEDIRA,KHED,KHEDGER,5,376,232,203,88%,48.6,1.4,13.2,174.6,-174.6,174.6
Hiroshi,KIYOTAKE,KIYO,KIYOJPN,1,5,6,5,83%,90,2.5,54.6,2983.5,-2983.5,2983.5
Miroslav,KLOSE,KLOS,KLOSGER,5,280,83,44,53%,14.1,0.4,-21.2,451,-451,-451
KOKE,KOKE,KOKE,KOKEESP,2,134,140,125,89%,84,2.4,48.6,2359.7,-2359.7,2359.7
Alexander,KOKORIN,KOKO,KOKORUS,3,270,80,56,70%,18.7,0.5,-16.7,279.3,-279.3,-279.3
Sead,KOLASINAC,KOLA,KOLABIH,2,180,111,95,86%,47.5,1.3,12.1,146.9,-146.9,146.9
Dmitry,KOMBAROV,KOMB,KOMBRUS,3,270,183,117,64%,39,1.1,3.6,13.1,-13.1,13.1
Vincent,KOMPANY,KOMP,KOMPBEL,4,390,226,193,85%,44.5,1.3,9.2,83.9,-83.9,83.9
Panagiotis,KONE,KONE,KONEGRE,3,171,59,35,59%,18.4,0.5,-17,287.6,-287.6,-287.6
Yasuyuki,KONNO,KONN,KONNJPN,2,180,147,127,86%,63.5,1.8,28.1,790.8,-790.8,790.8
HAN,Kookyoung,Kook,KOOKKOR,3,214,112,92,82%,38.7,1.1,3.3,11,-11,11
Laurent,KOSCIELNY,KOSC,KOSCFRA,4,222,106,86,81%,34.9,1,-0.5,0.3,-0.3,-0.3
Mateo,KOVACIC,KOVA,KOVACRO,3,111,59,47,80%,38.1,1.1,2.7,7.5,-7.5,7.5
Aleksei,KOZLOV,KOZL,KOZLRUS,2,152,83,58,70%,34.3,1,-1,1.1,-1.1,-1.1
Christoph,KRAMER,KRAM,KRAMGER,3,43,24,18,75%,37.7,1.1,2.3,5.3,-5.3,5.3
Toni,KROOS,KROO,KROOGER,7,690,633,537,85%,70,2,34.7,1201.7,-1201.7,1201.7
Dirk,KUYT,KUYT,KUYTNED,5,509,346,247,71%,43.7,1.2,8.3,68.8,-68.8,68.8
Adam,KWARASEY,KWAR,KWARGHA,1,90,27,22,81%,22,0.6,-13.4,179,-179,-179
Medhi,LACEN,LACE,LACEALG,3,152,72,55,76%,32.6,0.9,-2.8,7.9,-7.9,-7.9
Philipp,LAHM,LAHM,LAHMGER,7,690,651,562,86%,73.3,2.1,37.9,1438.4,-1438.4,1438.4
Adam,LALLANA,LALL,LALLENG,3,91,48,32,67%,31.6,0.9,-3.7,13.9,-13.9,-13.9
Frank,LAMPARD,LAMP,LAMPENG,1,90,78,64,82%,64,1.8,28.6,819.2,-819.2,819.2
Michael,LANG,LANG,LANGAUS,1,13,7,4,57%,27.7,0.8,-7.7,59.1,-59.1,-59.1
Ezequiel,LAVEZZI,LAVE,LAVEARG,6,358,164,93,57%,23.4,0.7,-12,144,-144,-144
Miguel,LAYUN,LAYU,LAYUMEX,4,360,150,101,67%,25.3,0.7,-10.1,102.6,-102.6,-102.6
Mathew,LECKIE,LECK,LECKAUS,3,270,106,79,75%,26.3,0.7,-9,81.8,-81.8,-81.8
Jeremain,LENS,LENS,LENSNED,4,127,41,23,56%,16.3,0.5,-19.1,364,-364,-364
Stephan,LICHTSTEINER,LICH,LICHSUI,4,390,212,161,76%,37.2,1.1,1.8,3.2,-3.2,3.2
Hugo,LLORIS,LLOR,LLORFRA,5,450,137,105,77%,21,0.6,-14.4,206.7,-206.7,-206.7
Nicolas,LODEIRO,LODE,LODEURU,3,143,83,57,69%,35.9,1,0.5,0.2,-0.2,0.2
Nicolas,LOMBAERTS,LOMB,LOMBBEL,1,90,37,30,81%,30,0.8,-5.4,28.9,-28.9,-28.9
Dejan,LOVREN,LOVR,LOVRCRO,3,270,116,100,86%,33.3,0.9,-2,4.2,-4.2,-4.2
Diego,LUGANO,LUGA,LUGAURU,1,90,43,34,79%,34,1,-1.4,1.9,-1.9,-1.9
DAVID,LUIZ,LUIZ,LUIZBRA,7,660,391,300,77%,40.9,1.2,5.5,30.6,-30.6,30.6
Romelu,LUKAKU,LUKA,LUKABEL,4,175,47,29,62%,14.9,0.4,-20.5,418.8,-418.8,-418.8
Senad,LULIC,LULI,LULIBIH,2,148,68,51,75%,31,0.9,-4.4,19.1,-19.1,-19.1
Riyad,MAHREZ,MAHR,MAHRALG,1,71,22,12,55%,15.2,0.4,-20.2,406.7,-406.7,-406.7
MAICON,MAICON,MAIC,MAICBRA,3,270,161,130,81%,43.3,1.2,8,63.3,-63.3,63.3
Jean,MAKOUN,MAKO,MAKOCMR,1,9,8,6,75%,60,1.7,24.6,606.2,-606.2,606.2
Aissa,MANDI,MAND,MANDALG,3,300,127,91,72%,27.3,0.8,-8.1,65.3,-65.3,-65.3
Mario,MANDZUKIC,MAND,MANDCRO,2,180,47,27,57%,13.5,0.4,-21.9,478.7,-478.7,-478.7
Ioannis,MANIATIS,MANI,MANIGRE,4,348,183,148,81%,38.3,1.1,2.9,8.4,-8.4,8.4
Konstantinos,MANOLAS,MANO,MANOGRE,4,390,128,108,84%,24.9,0.7,-10.5,109.3,-109.3,-109.3
MARCELO,MARCELO,MARC,MARCITA,6,570,379,291,77%,45.9,1.3,10.6,111.7,-111.7,111.7
Claudio,MARCHISIO,MARC,MARCBRA,3,218,105,82,78%,33.9,1,-1.5,2.3,-2.3,-2.3
Jose,Maria BASANTA,BASANTA,BASAARG,2,104,60,45,75%,38.9,1.1,3.6,12.7,-12.7,12.7
Rafael,MARQUEZ,MARQ,MARQMEX,4,360,225,177,79%,44.3,1.3,8.9,78.7,-78.7,78.7
Javi,MARTINEZ,MART,MARTESP,1,90,50,46,92%,46,1.3,10.6,112.8,-112.8,112.8
Jackson,MARTINEZ,MART,MARTCOL,3,194,63,35,56%,16.2,0.5,-19.1,366.4,-366.4,-366.4
Mario,MARTINEZ,MART,MARTHON,1,19,14,11,79%,52.1,1.5,16.7,279.8,-279.8,279.8
Bruno,MARTINS INDI,MART,MARTNED,6,458,309,276,89%,54.2,1.5,18.9,355.6,-355.6,355.6
Javier,MASCHERANO,MASC,MASCARG,7,720,626,536,86%,67,1.9,31.6,999.9,-999.9,999.9
Juan,MATA,MATA,MATAESP,1,34,34,31,91%,82.1,2.3,46.7,2179.1,-2179.1,2179.1
Joel,MATIP,MATI,MATICMR,2,180,60,42,70%,21,0.6,-14.4,206.7,-206.7,-206.7
Blaise,MATUIDI,MATU,MATUFRA,5,427,261,217,83%,45.7,1.3,10.4,107.3,-107.3,107.3
Antonio,MAVUBA,MAVU,MAVUFRA,1,25,28,26,93%,93.6,2.6,58.2,3389.7,-3389.7,3389.7
MAXWELL,MAXWELL,MAXW,MAXWBRA,1,90,54,44,81%,44,1.2,8.6,74.3,-74.3,74.3
Stephane,MBIA,MBIA,MBIACMR,3,270,152,122,80%,40.7,1.1,5.3,28,-28,28
Rais,MBOLHI,MBOL,M'BOALG,4,390,130,55,42%,12.7,0.4,-22.7,514.7,-514.7,-514.7
Ryan,McGOWAN,McGO,MCGOAUS,3,221,128,90,70%,36.7,1,1.3,1.6,-1.6,1.6
Matt,McKAY,McKA,MCKAAUS,2,180,107,85,79%,42.5,1.2,7.1,50.7,-50.7,50.7
Gary,MEDEL,MEDE,MEDECHI,4,378,309,281,91%,66.9,1.9,31.5,993.9,-993.9,993.9
Carl,MEDJANI,MEDJ,MEDJALG,3,264,93,64,69%,21.8,0.6,-13.6,183.9,-183.9,-183.9
Haris,MEDUNJANIN,MEDU,MEDUBIH,2,80,100,86,86%,96.8,2.7,61.4,3766.5,-3766.5,3766.5
Admir,MEHMEDI,MEHM,MEHMSUI,4,337,174,118,68%,31.5,0.9,-3.9,14.9,-14.9,-14.9
Raul,MEIRELES,MEIR,MEIRPOR,2,159,99,82,83%,46.4,1.3,11,121.8,-121.8,121.8
Alexander,MEJIA,MEJI,MEJICOL,4,144,52,37,71%,23.1,0.7,-12.3,150.1,-150.1,-150.1
Eugenio,MENA,MENA,MENACHI,4,390,219,155,71%,35.8,1,0.4,0.2,-0.2,0.2
Edison,MENDEZ,MEND,MENDECU,1,8,8,4,50%,45,1.3,9.6,92.6,-92.6,92.6
Jonathan,MENSAH,MENS,MENSGHA,3,270,147,122,83%,40.7,1.1,5.3,28,-28,28
Dries,MERTENS,MERT,MERTBEL,5,269,133,67,50%,22.4,0.6,-13,168,-168,-168
Per,MERTESACKER,MERT,MERTGER,6,435,352,321,91%,66.4,1.9,31,963.2,-963.2,963.2
Djamel,MESBAH,MESB,MESBALG,2,180,115,92,80%,46,1.3,10.6,112.8,-112.8,112.8
Lionel,MESSI,MESS,MESSARG,7,693,356,242,68%,31.4,0.9,-3.9,15.6,-15.6,-15.6
Roy,MILLER,MILL,MILLAUS,1,90,48,28,58%,28,0.8,-7.4,54.4,-54.4,-54.4
Mark,MILLIGAN,MILL,MILLCRC,1,90,38,30,79%,30,0.8,-5.4,28.9,-28.9,-28.9
James,MILNER,MILN,MILNENG,1,76,34,21,62%,24.9,0.7,-10.5,110.5,-110.5,-110.5
Oswaldo,MINDA,MIND,MINDECU,2,173,81,63,78%,32.8,0.9,-2.6,6.8,-6.8,-6.8
Kevin,MIRALLAS,MIRA,MIRABEL,4,223,79,51,65%,20.6,0.6,-14.8,218.9,-218.9,-218.9
Zvjezdan,MISIMOVIC,MISI,MISIBIH,2,164,95,67,71%,36.8,1,1.4,1.9,-1.9,1.9
Konstantinos,MITROGLOU,MITR,MITRGRE,3,123,22,17,77%,12.4,0.4,-22.9,526.2,-526.2,-526.2
Luka,MODRIC,MODR,MODRCRO,3,270,159,135,85%,45,1.3,9.6,92.6,-92.6,92.6
Faryd,MONDRAGON,MOND,MONDCOL,1,5,2,1,50%,18,0.5,-17.4,302,-302,-302
Pejman,MONTAZERI,MONT,MONTIRN,3,270,120,89,74%,29.7,0.8,-5.7,32.6,-32.6,-32.6
Jefferson,MONTERO,MONT,MONTECU,3,230,89,54,61%,21.1,0.6,-14.2,203,-203,-203
Hector,MORENO,MORE,MOREMEX,4,316,183,139,76%,39.6,1.1,4.2,17.7,-17.7,17.7
Masato,MORISHIGE,MORI,MORIJPN,1,90,35,29,83%,29,0.8,-6.4,40.7,-40.7,-40.7
Victor,MOSES,MOSE,MOSENGA,2,141,40,25,63%,16,0.5,-19.4,377.2,-377.2,-377.2
Mehdi,MOSTEFA,MOST,MOSTALG,2,210,73,44,60%,18.9,0.5,-16.5,273,-273,-273
Thiago,MOTTA,MOTT,MOTTITA,3,94,87,78,90%,74.7,2.1,39.3,1544.7,-1544.7,1544.7
Benjamin,MOUKANDJO,MOUK,MOUKCMR,3,238,86,42,49%,15.9,0.4,-19.5,380.1,-380.1,-380.1
Joao,MOUTINHO,MOUT,MOUTPOR,3,270,223,190,85%,63.3,1.8,28,781.5,-781.5,781.5
Thomas,MUELLER,MUEL,MUELGER,7,682,319,221,69%,29.2,0.8,-6.2,38.6,-38.6,-38.6
Mensur,MUJDZA,MUJD,MUJDBIH,2,159,79,63,80%,35.7,1,0.3,0.1,-0.1,0.1
Sulley,MUNTARI,MUNT,MUNTGHA,2,180,125,89,71%,44.5,1.3,9.1,83.2,-83.2,83.2
Ahmed,MUSA,MUSA,MUSANGA,4,335,93,42,45%,11.3,0.3,-24.1,580.6,-580.6,-580.6
Fernando,MUSLERA,MUSL,MUSLURU,4,360,88,53,60%,13.3,0.4,-22.1,489.7,-489.7,-489.7
Shkodran,MUSTAFI,MUST,MUSTGER,3,131,81,65,80%,44.7,1.3,9.3,86.1,-86.1,86.1
Dave,MYRIE,MYRI,MYRICRC,1,41,10,7,70%,15.4,0.4,-20,400.5,-400.5,-400.5
Yuto,NAGATOMO,NAGA,NAGAJPN,3,270,162,117,72%,39,1.1,3.6,13.1,-13.1,13.1
Andy,NAJAR,NAJA,NAJAHON,2,71,23,15,65%,19,0.5,-16.4,267.8,-267.8,-267.8
NANI,NANI,NANI,NANIPOR,3,270,168,110,65%,36.7,1,1.3,1.7,-1.7,1.7
Keylor,NAVAS,NAVA,NAVACRC,5,510,180,101,56%,17.8,0.5,-17.6,308.2,-308.2,-308.2
Javad,NEKOUNAM,NEKO,NEKOIRN,3,270,102,71,70%,23.7,0.7,-11.7,137.2,-137.2,-137.2
Manuel,NEUER,NEUE,NEUEGER,7,690,297,244,82%,31.8,0.9,-3.6,12.6,-12.6,-12.6
NEYMAR,NEYMAR,NEYM,NEYMBRA,5,457,218,137,63%,27,0.8,-8.4,70.5,-70.5,-70.5
Landry,NGUEMO,NGUE,N'GUCMR,1,90,52,44,85%,44,1.2,8.6,74.3,-74.3,74.3
Nicolas,NKOULOU,NKOU,N'KOCMR,3,270,100,88,88%,29.3,0.8,-6,36.5,-36.5,-36.5
Cristhian,NOBOA,NOBO,NOBOECU,3,269,126,84,67%,28.1,0.8,-7.3,52.9,-52.9,-52.9
Dany,NOUNKEU,NOUN,NOUNCMR,2,88,51,39,76%,39.9,1.1,4.5,20.3,-20.3,20.3
Uche,NWOFOR,NWOF,NWOFNGA,2,11,6,5,83%,40.9,1.2,5.5,30.6,-30.6,30.6
Allan,NYOM,NYOM,NYOMCMR,1,90,39,29,74%,29,0.8,-6.4,40.7,-40.7,-40.7
Tommy,OAR,OAR,OARAUS,3,206,56,26,46%,11.4,0.3,-24,576.9,-576.9,-576.9
John,Obi MIKEL,Obi,OBINGA,4,360,263,202,77%,50.5,1.4,15.1,228.7,-228.7,228.7
Godfrey,OBOABONA,OBOA,OBOANGA,1,29,25,24,96%,74.5,2.1,39.1,1529.1,-1529.1,1529.1
Guillermo,OCHOA,OCHO,OCHOMEX,4,360,105,75,71%,18.8,0.5,-16.6,276.5,-276.5,-276.5
Peter,ODEMWINGIE,ODEM,ODEMNGA,4,281,134,101,75%,32.3,0.9,-3,9.2,-9.2,-9.2
Mesut,OEZIL,OZIL,OZILGER,7,655,401,315,79%,43.3,1.2,7.9,62.5,-62.5,62.5
Shinji,OKAZAKI,OKAZ,OKAZJPN,3,249,58,35,60%,12.7,0.4,-22.7,516.6,-516.6,-516.6
Yoshito,OKUBO,OKUB,OLICCRO,3,203,59,50,85%,22.2,0.6,-13.2,174.5,-174.5,-174.5
Ivica,OLIC,OLIC,OLINCMR,3,228,73,38,52%,15,0.4,-20.4,415.3,-415.3,-415.3
Kenneth,OMERUO,OMER,OMERNGA,4,360,179,144,80%,36,1,0.6,0.4,-0.4,0.4
Ogenyi,ONAZI,ONAZ,ONAZNGA,4,329,239,193,81%,52.8,1.5,17.4,303.4,-303.4,303.4
Daniel,OPARE,OPAR,OPARGHA,1,90,89,58,65%,58,1.6,22.6,511.7,-511.7,511.7
Divock,ORIGI,ORIG,ORIGBEL,5,245,60,37,62%,13.6,0.4,-21.8,474.7,-474.7,-474.7
Yuya,OSAKO,OSAK,OSAKJPN,2,124,28,19,68%,13.8,0.4,-21.6,466,-466,-466
OSCAR,OSCAR,OSCA,OSCABRA,7,640,327,221,68%,31.1,0.9,-4.3,18.5,-18.5,-18.5
Juwon,OSHANIWA,OSHA,OSHANGA,4,360,156,111,71%,27.8,0.8,-7.6,58.2,-58.2,-58.2
David,OSPINA,OSPI,OSPICOL,5,445,138,89,64%,18,0.5,-17.4,302,-302,-302
Rodrigo,PALACIO,PALA,PALAARG,5,160,51,28,55%,15.8,0.4,-19.6,385.3,-385.3,-385.3
Wilson,PALACIOS,PALA,PALAHON1,2,133,105,92,88%,62.3,1.8,26.9,722.4,-722.4,722.4
Jerry,PALACIOS,PALA,PALAHON2,1,50,15,12,80%,21.6,0.6,-13.8,189.8,-189.8,-189.8
Gabriel,PALETTA,PALE,PALEITA,1,90,49,43,88%,43,1.2,7.6,58.1,-58.1,58.1
Sokratis,PAPASTATHOPOULOS,PAPA,PAPAGRE,4,390,160,128,80%,29.5,0.8,-5.8,34.1,-34.1,-34.1
Juan,PAREDES,PARE,PARECHI,3,270,109,83,76%,27.7,0.8,-7.7,59.5,-59.5,-59.5
Marco,PAROLO,PARO,PAROITA,2,55,30,18,60%,29.5,0.8,-5.9,35.1,-35.1,-35.1
Rui,PATRICIO,PATR,PATRPOR,1,90,29,20,69%,20,0.6,-15.4,236.5,-236.5,-236.5
PAULINHO,PAULINHO,PAUL,PAULBRA,6,386,144,111,77%,25.9,0.7,-9.5,90.2,-90.2,-90.2
Carlos,PENA,PENA,PENAMEX,1,11,1,1,100%,8.2,0.2,-27.2,739.7,-739.7,-739.7
PEPE,PEPE,PEPE,PEPEPOR,2,127,72,57,79%,40.4,1.1,5,25.2,-25.2,25.2
Oribe,PERALTA,PERA,PERAMEX,4,302,86,61,71%,18.2,0.5,-17.2,295.8,-295.8,-295.8
Joao,PEREIRA,PERE,PEREURU,3,241,134,105,78%,39.2,1.1,3.8,14.7,-14.7,14.7
Maximiliano,PEREIRA,PERE,PEREPOR,3,224,141,99,70%,39.8,1.1,4.4,19.3,-19.3,19.3
Alvaro,PEREIRA,PERE,PEREARG,3,206,103,60,58%,26.2,0.7,-9.2,84,-84,-84
Enzo,PEREZ,PERE,PEREURU,3,224,104,83,80%,33.3,0.9,-2,4.1,-4.1,-4.1
Ivan,PERISIC,PERI,PERICRO,3,258,83,50,60%,17.4,0.5,-17.9,321.7,-321.7,-321.7
Mauricio,PINILLA,PINI,PINICHI,3,44,26,13,50%,26.6,0.8,-8.8,77.2,-77.2,-77.2
Gerard,PIQUE,PIQU,PIQUESP,1,90,68,57,84%,57,1.6,21.6,467.5,-467.5,467.5
Andrea,PIRLO,PIRL,PIRLITA,3,270,276,249,90%,83,2.3,47.6,2267.8,-2267.8,2267.8
Miralem,PJANIC,PJAN,PJANBIH,3,270,227,190,84%,63.3,1.8,28,781.5,-781.5,781.5
Stipe,PLETIKOSA,PLET,PLETCRO,3,270,85,60,71%,20,0.6,-15.4,236.5,-236.5,-236.5
Lukas,PODOLSKI,PODO,PODOGER,2,54,36,30,83%,50,1.4,14.6,213.8,-213.8,213.8
Paul,POGBA,POGB,POGBFRA,5,354,246,197,80%,50.1,1.4,14.7,216.3,-216.3,216.3
Mehrdad,POOLADI,POOL,POOLIRN,3,270,81,54,67%,18,0.5,-17.4,302,-302,-302
Helder,POSTIGA,POST,POSTPOR,1,16,3,3,100%,16.9,0.5,-18.5,342.4,-342.4,-342.4
Danijel,PRANJIC,PRAN,PRANCRO,2,164,96,72,75%,39.5,1.1,4.1,17.1,-17.1,17.1
Kevin,Prince BOATENG,Prin,BOATGHA,2,83,39,28,72%,30.4,0.9,-5,25.2,-25.2,-25.2
Juan,FERNANDO QUINTERO,FERN,FERNCOL,3,93,46,31,67%,30,0.8,-5.4,28.9,-28.9,-28.9
Mohammed,RABIU,RABI,RABIGHA,3,225,99,77,78%,30.8,0.9,-4.6,21,-21,-21
Ivan,RAKITIC,RAKI,RAKICRO,3,270,179,149,83%,49.7,1.4,14.3,204.2,-204.2,204.2
RAMIRES,RAMIRES,RAMI,RAMIURU,7,247,91,64,70%,23.3,0.7,-12.1,145.4,-145.4,-145.4
Gaston,RAMIREZ,RAMI,RAMIBRA,2,49,48,37,77%,68,1.9,32.6,1061.5,-1061.5,1061.5
Sergio,RAMOS,RAMO,RAMOCOL,3,270,207,174,84%,58,1.6,22.6,511.7,-511.7,511.7
Adrian,RAMOS,RAMO,RAMOESP,3,139,55,34,62%,22,0.6,-13.4,178.6,-178.6,-178.6
Ante,REBIC,REBI,REBICRO,3,44,20,12,60%,24.5,0.7,-10.8,117.4,-117.4,-117.4
Pepe,REINA,REIN,REINESP,1,90,28,22,79%,22,0.6,-13.4,179,-179,-179
Loic,REMY,REMY,REMYFRA,2,28,21,16,76%,51.4,1.5,16.1,257.6,-257.6,257.6
Diego,REYES,REYE,REYEMEX,1,44,12,10,83%,20.5,0.6,-14.9,222.7,-222.7,-222.7
Arjen,ROBBEN,ROBB,ROBBNED,7,690,288,201,70%,26.2,0.7,-9.2,83.9,-83.9,-83.9
Francisco,RODRIGUEZ,RODR,RODRMEX,4,360,207,162,78%,40.5,1.1,5.1,26.2,-26.2,26.2
James,RODRIGUEZ,RODR,RODRCOL,5,399,232,160,69%,36.1,1,0.7,0.5,-0.5,0.5
Ricardo,RODRIGUEZ,RODR,RODRSUI,4,390,209,159,76%,36.7,1,1.3,1.7,-1.7,1.7
Cristian,RODRIGUEZ,RODR,RODRURU,4,334,147,102,69%,27.5,0.8,-7.9,62.3,-62.3,-62.3
Pedro,RODRIGUEZ,RODR,RODRESP,2,104,54,33,61%,28.6,0.8,-6.8,46.5,-46.5,-46.5
Maxi,RODRIGUEZ,RODR,RODRARG,2,65,38,32,84%,44.3,1.3,8.9,79.7,-79.7,79.7
Joao,ROJAS,ROJA,ROJAECU,1,13,6,4,67%,27.7,0.8,-7.7,59.1,-59.1,-59.1
Marcos,ROJO,ROJO,ROJOARG,6,615,366,264,72%,38.6,1.1,3.3,10.6,-10.6,10.6
Sergio,ROMERO,ROME,ROMEARG,7,720,209,136,65%,17,0.5,-18.4,337.8,-337.8,-337.8
CRISTIANO,RONALDO,RONA,RONAPOR,3,270,112,82,73%,27.3,0.8,-8,64.7,-64.7,-64.7
Wayne,ROONEY,ROON,ROONENG,3,194,77,56,73%,26,0.7,-9.4,88.3,-88.3,-88.3
Bryan,RUIZ,RUIZ,RUIZCRC,5,494,202,158,78%,28.8,0.8,-6.6,43.5,-43.5,-43.5
Maty,RYAN,RYAN,RYANAUS,3,270,124,105,85%,35,1,-0.4,0.1,-0.1,-0.1
Amirhossein,SADEGHI,SADE,SADEIRN,3,270,61,51,84%,17,0.5,-18.4,337.8,-337.8,-337.8
Bacary,SAGNA,SAGN,SAGNFRA,1,90,65,50,77%,50,1.4,14.6,213.8,-213.8,213.8
Mamadou,SAKHO,SAKH,SAKHFRA,4,289,203,182,90%,56.7,1.6,21.3,453.7,-453.7,453.7
Carlos,SALCIDO,SALC,SALCMEX,2,91,36,28,78%,27.7,0.8,-7.7,59.1,-59.1,-59.1
Sejad,SALIHOVIC,SALI,SALIBIH,2,43,33,18,55%,37.7,1.1,2.3,5.3,-5.3,5.3
Edgar,SALLI,SALL,SALLCMR,2,47,30,18,60%,34.5,1,-0.9,0.8,-0.8,-0.8
Dimitrios,SALPINGIDIS,SALP,SALPGRE,4,225,67,40,60%,16,0.5,-19.4,375.5,-375.5,-375.5
Georgios,SAMARAS,SAMA,SAMAGRE1,4,390,134,93,69%,21.5,0.6,-13.9,193.7,-193.7,-193.7
Andreas,SAMARIS,SAMA,SAMAGRE2,2,136,79,66,84%,43.7,1.2,8.3,68.9,-68.9,68.9
Alexander,SAMEDOV,SAME,SAMERUS,3,270,158,100,63%,33.3,0.9,-2,4.2,-4.2,-4.2
SAMMIR,SAMMIR,SAMM,SAMMCRO,1,72,30,23,77%,28.8,0.8,-6.6,43.9,-43.9,-43.9
Alexis,SANCHEZ,SANC,SANCCOL,4,390,177,108,61%,24.9,0.7,-10.5,109.3,-109.3,-109.3
Carlos,SANCHEZ,SANC,SANCCHI,4,360,122,95,78%,23.8,0.7,-11.6,135.2,-135.2,-135.2
Fabian,SCHAER,SCHA,SCHASUI,2,210,62,41,66%,17.6,0.5,-17.8,317.1,-317.1,-317.1
Morgan,SCHNEIDERLIN,SCHN,SCHNFRA,1,90,73,65,89%,65,1.8,29.6,877.4,-877.4,877.4
Andre,SCHUERRLE,SCHU,SCHUGER,6,244,157,103,66%,38,1.1,2.6,6.8,-6.8,6.8
Bastian,SCHWEINSTEIGER,SCHW,SCHWGER,6,505,467,412,88%,73.4,2.1,38,1447.6,-1447.6,1447.6
Haris,SEFEROVIC,SEFE,SEFESUI,4,139,45,36,80%,23.3,0.7,-12.1,145.7,-145.7,-145.7
Philippe,SENDEROS,SEND,SENDSUI,1,81,64,57,89%,63.3,1.8,28,781.5,-781.5,781.5
HWANG,Seokho,Seok,SEOKKOR,1,17,9,8,89%,42.4,1.2,7,48.6,-48.6,48.6
Die,SEREY,SERE,DIECIV,3,225,158,148,94%,59.2,1.7,23.8,567.5,-567.5,567.5
KIM,Seunggyu,Seun,SEUNKOR,1,90,23,13,57%,13,0.4,-22.4,500.8,-500.8,-500.8
Xherdan,SHAQIRI,SHAQ,SHAQSUI,4,387,207,155,75%,36,1,0.7,0.4,-0.4,0.4
Oleg,SHATOV,SHAT,SHATRUS,3,209,92,70,76%,30.1,0.9,-5.2,27.4,-27.4,-27.4
Luke,SHAW,SHAW,SHAWENG,1,90,57,43,75%,43,1.2,7.6,58.1,-58.1,58.1
KIM,Shinwook,Shin,SHINKOR,2,99,25,17,68%,15.5,0.4,-19.9,397,-397,-397
Masoud,SHOJAEI,SHOJ,SHOJIRN,3,123,33,18,55%,13.2,0.4,-22.2,493.2,-493.2,-493.2
Thiago,SILVA,SILV,SILVESP,6,570,302,254,84%,40.1,1.1,4.7,22.3,-22.3,22.3
Francisco,SILVA,SILV,SILVCHI,3,280,174,139,80%,44.7,1.3,9.3,86.5,-86.5,86.5
David,SILVA,SILV,SILVBRA,3,175,124,102,82%,52.5,1.5,17.1,291.7,-291.7,291.7
Giovanni,SIO,SIO,SIOCIV,1,7,4,2,50%,25.7,0.7,-9.7,93.4,-93.4,-93.4
Salvatore,SIRIGU,SIRI,SIRIITA,1,90,37,34,92%,34,1,-1.4,1.9,-1.9,-1.9
Moussa,SISSOKO,SISS,SISSFRA,4,214,112,89,79%,37.4,1.1,2.1,4.2,-4.2,4.2
Islam,SLIMANI,SLIM,SLIMALG,4,324,98,62,63%,17.2,0.5,-18.2,329.6,-329.6,-329.6
Chris,SMALLING,SMAL,SMALENG,1,90,50,39,78%,39,1.1,3.6,13.1,-13.1,13.1
Wesley,SNEIJDER,SNEI,SNEINED,6,585,335,242,72%,37.2,1.1,1.9,3.4,-3.4,3.4
Alexandre,SONG,SONG,SONGCMR,2,119,58,51,88%,38.6,1.1,3.2,10.2,-10.2,10.2
Emir,SPAHIC,SPAH,SPAHBIH,3,270,190,164,86%,54.7,1.5,19.3,372,-372,372
Matthew,SPIRANOVIC,SPIR,SPIRAUS,3,270,139,123,88%,41,1.2,5.6,31.6,-31.6,31.6
Darijo,SRNA,SRNA,SRNACRO,3,270,152,97,64%,32.3,0.9,-3,9.3,-9.3,-9.3
Raheem,STERLING,STER,STERENG,3,182,87,60,69%,29.7,0.8,-5.7,32.6,-32.6,-32.6
Valentin,STOCKER,STOC,STOCSUI,1,46,12,9,75%,17.6,0.5,-17.8,315.8,-315.8,-315.8
Cristhian,STUANI,STUA,STUAURU,4,177,47,30,64%,15.3,0.4,-20.1,405,-405,-405
Daniel,STURRIDGE,STUR,STURENG,3,260,78,53,68%,18.3,0.5,-17,290.1,-290.1,-290.1
Luis,SUAREZ,SUAR,SUARURU,2,178,70,33,47%,16.7,0.5,-18.7,349.4,-349.4,-349.4
YUN,Sukyoung,Suky,SUK-KOR,3,270,146,101,69%,33.7,1,-1.7,2.9,-2.9,-2.9
JUNG,Sungryong,Sung,SUNGKOR1,2,180,38,22,58%,11,0.3,-24.4,594.3,-594.3,-594.3
KI,Sungyueng,Sung,SUNGKOR2,3,270,220,175,80%,58.3,1.6,23,526.9,-526.9,526.9
Toni,SUNJIC,SUNJ,SUNJBIH,2,180,133,115,86%,57.5,1.6,22.1,489.4,-489.4,489.4
Tino,Sven SUSIC,Sven,SUSIBIH,2,105,76,57,75%,48.9,1.4,13.5,181.7,-181.7,181.7
Adam,TAGGART,TAGG,TAGGAUS,2,59,9,4,44%,6.1,0.2,-29.3,857.1,-857.1,-857.1
Saphir,TAIDER,TAID,TAIDALG,2,168,53,39,74%,20.9,0.6,-14.5,209.8,-209.8,-209.8
Yeltsin,TEJEDA,TEJE,TEJECRC,5,395,193,151,78%,34.4,1,-1,0.9,-0.9,-0.9
Andranik,TIMOTIAN,TIMO,TEYMIRN,3,270,104,72,69%,24,0.7,-11.4,129.5,-129.5,-129.5
Ismael,TIOTE,TIOT,TIOTCIV,3,241,184,155,84%,57.9,1.6,22.5,506.5,-506.5,506.5
Vasileios,TOROSIDIS,TORO,TOROGRE,4,390,193,128,66%,29.5,0.8,-5.8,34.1,-34.1,-34.1
Fernando,TORRES,TORR,TEYMIRN,3,144,50,29,58%,18.1,0.5,-17.3,297.7,-297.7,-297.7
Yaya,TOURE,TOUR,TOURCIV2,3,270,173,137,79%,45.7,1.3,10.3,105.8,-105.8,105.8
Kolo,TOURE,TOUR,TOURCIV1,1,90,44,36,82%,36,1,0.6,0.4,-0.4,0.4
James,TROISI,TROI,TROIAUS,2,41,32,20,63%,43.9,1.2,8.5,72.7,-72.7,72.7
Okechukwu,UCHEBO,UCHE,UCHENGA,1,24,11,7,64%,26.3,0.7,-9.1,83.3,-83.3,-83.3
Atsuto,UCHIDA,UCHI,UCHIJPN,3,270,131,96,73%,32,0.9,-3.4,11.4,-11.4,-11.4
Michael,UMANA,UMAN,UMANCRC,4,420,143,119,83%,25.5,0.7,-9.9,97.6,-97.6,-97.6
Marcos,URENA,UREN,URENCRC,4,102,31,14,45%,12.4,0.3,-23,530.2,-530.2,-530.2
Mathieu,VALBUENA,VALB,VALBFRA,4,335,235,166,71%,44.6,1.3,9.2,85,-85,85
Carlos,VALDES,VALD,VALDCHI,1,90,36,26,72%,26,0.7,-9.4,88,-88,-88
Jorge,VALDIVIA,VALD,VALDCOL,3,93,58,45,78%,43.5,1.2,8.2,66.7,-66.7,66.7
Antonio,VALENCIA,VALE,VALEECU1,3,230,95,67,71%,26.2,0.7,-9.2,83.9,-83.9,-83.9
Enner,VALENCIA,VALE,VALEECU2,3,270,76,43,57%,14.3,0.4,-21,442.9,-442.9,-442.9
Noel,VALLADARES,VALL,VALLHON,3,270,75,57,76%,19,0.5,-16.4,268.3,-268.3,-268.3
Daniel,VAN BUYTEN,VAN,VANBEL,5,480,279,234,84%,43.9,1.2,8.5,72.2,-72.2,72.2
Robin,VAN PERSIE,VAN,VANNED,6,548,141,83,59%,13.6,0.4,-21.7,472.9,-472.9,-472.9
Anthony,VANDEN BORRE,VAND,VANDBEL,1,90,58,40,69%,40,1.1,4.6,21.4,-21.4,21.4
Raphael,VARANE,VARA,VARAFRA,5,389,198,172,87%,39.8,1.1,4.4,19.5,-19.5,19.5
VARELA,VARELA,VARE,VAREPOR,2,50,27,20,74%,36,1,0.6,0.4,-0.4,0.4
Eduardo,VARGAS,VARG,VARGCHI,4,311,85,61,72%,17.7,0.5,-17.7,314.2,-314.2,-314.2
Jose,VAZQUEZ,VAZQ,VAZQMEX,3,270,140,128,91%,42.7,1.2,7.3,53.1,-53.1,53.1
Miguel,VELOSO,VELO,VELOPOR,3,226,161,124,77%,49.4,1.4,14,196.1,-196.1,196.1
Joel,VELTMAN,VELT,VELTNED,2,14,7,5,71%,32.1,0.9,-3.2,10.5,-10.5,-10.5
Paul,VERHAEGH,VERH,VERHNED,1,56,32,27,84%,43.4,1.2,8,64.2,-64.2,64.2
Thomas,VERMAELEN,VERM,VERMBEL,1,31,23,19,83%,55.2,1.6,19.8,391.4,-391.4,391.4
Marco,VERRATTI,VERR,VERRITA,2,132,110,102,93%,69.5,2,34.2,1167.4,-1167.4,1167.4
Jan,VERTONGHEN,VERT,VERTBEL,5,449,273,195,71%,39.1,1.1,3.7,13.8,-13.8,13.8
Arturo,VIDAL,VIDA,VIDACHI,3,235,126,97,77%,37.1,1.1,1.8,3.1,-3.1,3.1
VIEIRINHA,VIEIRINHA,VIEI,VIEIPOR,1,21,15,8,53%,34.3,1,-1.1,1.2,-1.2,-1.2
David,VILLA,VILL,VILLESP,1,56,23,15,65%,24.1,0.7,-11.3,127,-127,-127
Edin,VISCA,VISC,VISCBIH,2,25,12,5,42%,18,0.5,-17.4,302,-302,-302
Ron,VLAAR,VLAA,VLAANED,7,690,357,297,83%,38.7,1.1,3.4,11.3,-11.3,11.3
Steve,VON BERGEN,VON,VONSUI,2,99,44,32,73%,29.1,0.8,-6.3,39.5,-39.5,-39.5
Michel,VORM,VORM,VORMNED,1,1,1,1,100%,90,2.5,54.6,2983.5,-2983.5,2983.5
Ognjen,VRANJES,VRAN,VRANBIH,1,29,18,13,72%,40.3,1.1,5,24.7,-24.7,24.7
Avdija,VRSAJEVIC,VRSA,VRSABIH,1,90,56,42,75%,42,1.2,6.6,43.8,-43.8,43.8
Sime,VRSALJKO,VRSA,VRSACRO,2,148,103,71,69%,43.2,1.2,7.8,60.8,-60.8,60.8
Mubarak,WAKASO,WAKA,MUBAGHA,2,27,15,11,73%,36.7,1,1.3,1.7,-1.7,1.7
Majeed,WARIS,WARI,WARIGHA,1,71,26,14,54%,17.7,0.5,-17.6,310.9,-310.9,-310.9
Pierre,WEBO,WEBO,WEBOCMR,3,49,21,10,48%,18.4,0.5,-17,289.4,-289.4,-289.4
Danny,WELBECK,WELB,WELBENG,2,132,62,46,74%,31.4,0.9,-4,16.1,-16.1,-16.1
Georginio,WIJNALDUM,WIJN,WIJNNED,7,550,255,213,84%,34.9,1,-0.5,0.3,-0.3,-0.3
Alex,WILKINSON,WILK,WILKAUS,3,270,145,120,83%,40,1.1,4.6,21.4,-21.4,21.4
WILLIAM,WILLIAM,WILL,WILLBRA,2,134,105,90,86%,60.4,1.7,25.1,628.5,-628.5,628.5
WILLIAN,WILLIAN,WILL,CARVPOR,5,150,106,88,83%,52.8,1.5,17.4,303.5,-303.5,303.5
Jack,WILSHERE,WILS,WILSENG,2,90,58,44,76%,44,1.2,8.6,74.3,-74.3,74.3
Axel,WITSEL,WITS,WITSBEL,4,390,250,224,90%,51.7,1.5,16.3,266.1,-266.1,266.1
Chris,WONDOLOWSKI,WOND,WONDUSA,2,51,22,18,82%,31.8,0.9,-3.6,13.1,-13.1,-13.1
Granit,XHAKA,XHAK,XHAKSUI,4,323,157,122,78%,34,1,-1.4,1.9,-1.9,-1.9
Konan,YA,YA,YA KCIV,1,12,8,8,100%,60,1.7,24.6,606.2,-606.2,606.2
Hotaru,YAMAGUCHI,YAMA,YAMAJPN,3,208,161,145,90%,62.7,1.8,27.4,748.7,-748.7,748.7
Hassan,YEBDA,YEBD,YEBDALG,1,19,11,5,45%,23.7,0.7,-11.7,136.8,-136.8,-136.8
DeAndre,YEDLIN,YEDL,YEDLUSA,3,112,66,48,73%,38.6,1.1,3.2,10.2,-10.2,10.2
Mario,YEPES,YEPE,YEPECOL,4,360,126,102,81%,25.5,0.7,-9.9,97.6,-97.6,-97.6
Joseph,YOBO,YOBO,YOBONGA,4,331,121,105,87%,28.5,0.8,-6.8,46.6,-46.6,-46.6
LEE,Yong,Yong,YONGKOR,3,270,187,121,65%,40.3,1.1,5,24.6,-24.6,24.6
Maya,YOSHIDA,YOSH,YOSHJPN,3,270,169,138,82%,46,1.3,10.6,112.8,-112.8,112.8
KIM,Younggwon,Youn,YOUNKOR,3,270,155,135,87%,45,1.3,9.6,92.6,-92.6,92.6
Pablo,ZABALETA,ZABA,ZABAARG,7,720,396,310,78%,38.8,1.1,3.4,11.4,-11.4,11.4
Cristian,ZAPATA,ZAPA,ZAPACOL,4,360,135,108,80%,27,0.8,-8.4,70.2,-70.2,-70.2
Yury,ZHIRKOV,ZHIR,ZHIRRUS,1,71,26,18,69%,22.8,0.6,-12.6,157.8,-157.8,-157.8
Didier,ZOKORA,ZOKO,ZOKOCIV,2,180,122,112,92%,56,1.6,20.6,425.2,-425.2,425.2
Juan,ZUNIGA,ZUNI,ZUNICOL,4,360,203,150,74%,37.5,1.1,2.1,4.5,-4.5,4.5
Graham,ZUSI,ZUSI,ZUSIUSA,4,259,133,91,68%,31.6,0.9,-3.8,14.1,-14.1,-14.1
,,,,,,,,,35.4,,,,,
Gabriel,ACHILIER,ACHI,ACHIECU,2,9,0,0,0%,0,0,0,0,0,0
Javier,AQUINO,AQUI,AQUIMEX,1,29,0,0,0%,0,0,0,,,
Ejike,UZOENYI,UZOE,UZOENGA,1,0,0,0,0%,0,0,,,,
Terence,KONGOLO,KONG,KONGNED,1,0,0,0,0%,0,0,,,,
Tim,KRUL,KRUL,KRULNED,1,0,0,0,0%,0,0,,,,
Raul,JIMENEZ,JIME,JIMEMEX,1,0,0,0,0%,0,0,,,,
Rickie,LAMBERT,LAMB,LAMBENG,1,0,0,0,0%,0,0,,,,
Jose,ROJAS,ROJA,ROJACHI,1,0,0,0,0%,0,0,,,,
